{"chunk_definitions":[{"row":11,"row_count":1,"visible":true,"expansion_state":0,"options":{"engine":"r","include":false,"label":"unnamed-chunk-1"},"document_id":"E65DA3CA","chunk_id":"c0i6gtqi2f4cl","chunk_label":"unnamed-chunk-1"},{"row":15,"row_count":1,"visible":true,"expansion_state":0,"options":{"engine":"r","echo":false,"label":"unnamed-chunk-2"},"document_id":"E65DA3CA","chunk_id":"c3e104fxw3eux","chunk_label":"unnamed-chunk-2"},{"row":24,"row_count":1,"visible":true,"expansion_state":0,"options":{"engine":"r","include":false,"label":"unnamed-chunk-3"},"document_id":"E65DA3CA","chunk_id":"cl4c43wxndgeh","chunk_label":"unnamed-chunk-3"},{"row":28,"row_count":1,"visible":true,"expansion_state":0,"options":{"engine":"r","include":false,"label":"unnamed-chunk-4"},"document_id":"E65DA3CA","chunk_id":"cyuyu1dq5fe0h","chunk_label":"unnamed-chunk-4"},{"row":32,"row_count":1,"visible":true,"expansion_state":0,"options":{"engine":"r","include":false,"label":"unnamed-chunk-5"},"document_id":"E65DA3CA","chunk_id":"c14uihkji4jct","chunk_label":"unnamed-chunk-5"},{"row":35,"row_count":1,"visible":true,"expansion_state":0,"options":{"engine":"r","echo":false,"label":"unnamed-chunk-6"},"document_id":"E65DA3CA","chunk_id":"cy6ppeaexgldl","chunk_label":"unnamed-chunk-6"},{"row":38,"row_count":1,"visible":true,"expansion_state":0,"options":{"engine":"r","include":false,"label":"unnamed-chunk-7"},"document_id":"E65DA3CA","chunk_id":"cfdun914nbtgb","chunk_label":"unnamed-chunk-7"},{"row":42,"row_count":1,"visible":true,"expansion_state":0,"options":{"engine":"r","label":"unnamed-chunk-8"},"document_id":"E65DA3CA","chunk_id":"cd6c0c3209m9z","chunk_label":"unnamed-chunk-8"},{"row":45,"row_count":1,"visible":true,"expansion_state":0,"options":{"engine":"r","include":false,"label":"unnamed-chunk-9"},"document_id":"E65DA3CA","chunk_id":"cty9bdo0b7qyi","chunk_label":"unnamed-chunk-9"},{"row":48,"row_count":1,"visible":true,"expansion_state":0,"options":{"engine":"r","echo":false,"label":"unnamed-chunk-10"},"document_id":"E65DA3CA","chunk_id":"cgdqf5gdpkzf0","chunk_label":"unnamed-chunk-10"},{"row":69,"row_count":1,"visible":true,"expansion_state":0,"options":{"engine":"r","include":false,"label":"unnamed-chunk-11"},"document_id":"E65DA3CA","chunk_id":"c8c2hdccoldlr","chunk_label":"unnamed-chunk-11"},{"row":72,"row_count":1,"visible":true,"expansion_state":0,"options":{"engine":"r","echo":false,"label":"unnamed-chunk-12"},"document_id":"E65DA3CA","chunk_id":"cd7dx6xzimpvv","chunk_label":"unnamed-chunk-12"},{"row":77,"row_count":1,"visible":true,"expansion_state":0,"options":{"engine":"r","label":"unnamed-chunk-13"},"document_id":"E65DA3CA","chunk_id":"cwfiecv3zx48p","chunk_label":"unnamed-chunk-13"},{"row":80,"row_count":1,"visible":true,"expansion_state":0,"options":{"engine":"r","include":false,"label":"unnamed-chunk-14"},"document_id":"E65DA3CA","chunk_id":"cy4t0sb95j7oy","chunk_label":"unnamed-chunk-14"},{"row":83,"row_count":1,"visible":true,"expansion_state":0,"options":{"engine":"r","echo":false,"label":"unnamed-chunk-15"},"document_id":"E65DA3CA","chunk_id":"cwdcllj1shqkt","chunk_label":"unnamed-chunk-15"},{"row":87,"row_count":1,"visible":true,"expansion_state":0,"options":{"engine":"r","include":false,"label":"unnamed-chunk-16"},"document_id":"E65DA3CA","chunk_id":"cn8hn10ww3cyv","chunk_label":"unnamed-chunk-16"},{"row":90,"row_count":1,"visible":true,"expansion_state":0,"options":{"engine":"r","label":"unnamed-chunk-17"},"document_id":"E65DA3CA","chunk_id":"ccg4rwb45hayf","chunk_label":"unnamed-chunk-17"},{"row":94,"row_count":1,"visible":true,"expansion_state":0,"options":{"engine":"r","include":false,"label":"unnamed-chunk-18"},"document_id":"E65DA3CA","chunk_id":"cr5imb878ccdb","chunk_label":"unnamed-chunk-18"},{"row":97,"row_count":1,"visible":true,"expansion_state":0,"options":{"engine":"r","echo":false,"label":"unnamed-chunk-19"},"document_id":"E65DA3CA","chunk_id":"czlbsj0b8pz1x","chunk_label":"unnamed-chunk-19"},{"row":108,"row_count":1,"visible":true,"expansion_state":0,"options":{"engine":"r","echo":false,"label":"unnamed-chunk-20"},"document_id":"E65DA3CA","chunk_id":"cu86n2248o0xf","chunk_label":"unnamed-chunk-20"},{"row":119,"row_count":1,"visible":true,"expansion_state":0,"options":{"engine":"r","include":false,"label":"unnamed-chunk-21"},"document_id":"E65DA3CA","chunk_id":"cakqgzb2su672","chunk_label":"unnamed-chunk-21"},{"row":122,"row_count":1,"visible":true,"expansion_state":0,"options":{"engine":"r","echo":false,"label":"unnamed-chunk-22"},"document_id":"E65DA3CA","chunk_id":"c45j8qgojm4lu","chunk_label":"unnamed-chunk-22"},{"row":125,"row_count":1,"visible":true,"expansion_state":0,"options":{"engine":"r","include":false,"label":"unnamed-chunk-23"},"document_id":"E65DA3CA","chunk_id":"crg1en53p2phi","chunk_label":"unnamed-chunk-23"},{"row":128,"row_count":1,"visible":true,"expansion_state":0,"options":{"engine":"r","echo":false,"label":"unnamed-chunk-24"},"document_id":"E65DA3CA","chunk_id":"chwclim0t5heu","chunk_label":"unnamed-chunk-24"},{"row":132,"row_count":1,"visible":true,"expansion_state":0,"options":{"engine":"r","include":false,"label":"unnamed-chunk-25"},"document_id":"E65DA3CA","chunk_id":"cxqsq3xd00z3q","chunk_label":"unnamed-chunk-25"},{"row":135,"row_count":1,"visible":true,"expansion_state":0,"options":{"engine":"r","echo":false,"label":"unnamed-chunk-26"},"document_id":"E65DA3CA","chunk_id":"cbfhjh1kw4a5w","chunk_label":"unnamed-chunk-26"},{"row":138,"row_count":1,"visible":true,"expansion_state":0,"options":{"engine":"r","echo":false,"label":"unnamed-chunk-27"},"document_id":"E65DA3CA","chunk_id":"clm8egp7c88og","chunk_label":"unnamed-chunk-27"},{"row":143,"row_count":1,"visible":true,"expansion_state":0,"options":{"engine":"r","include":false,"label":"unnamed-chunk-28"},"document_id":"E65DA3CA","chunk_id":"cmw0y06kwer19","chunk_label":"unnamed-chunk-28"},{"row":146,"row_count":1,"visible":true,"expansion_state":0,"options":{"engine":"r","echo":false,"label":"unnamed-chunk-29"},"document_id":"E65DA3CA","chunk_id":"cawzkwnnhqppf","chunk_label":"unnamed-chunk-29"},{"row":150,"row_count":1,"visible":true,"expansion_state":0,"options":{"engine":"r","echo":false,"label":"unnamed-chunk-30"},"document_id":"E65DA3CA","chunk_id":"chwre7xsy7589","chunk_label":"unnamed-chunk-30"},{"row":153,"row_count":1,"visible":true,"expansion_state":0,"options":{"engine":"r","label":"unnamed-chunk-31"},"document_id":"E65DA3CA","chunk_id":"chhjgpid85y8n","chunk_label":"unnamed-chunk-31"},{"row":156,"row_count":1,"visible":true,"expansion_state":0,"options":{"engine":"r","echo":false,"label":"unnamed-chunk-32"},"document_id":"E65DA3CA","chunk_id":"ch6s5zzvijyqy","chunk_label":"unnamed-chunk-32"},{"row":160,"row_count":1,"visible":true,"expansion_state":0,"options":{"engine":"r","echo":false,"label":"unnamed-chunk-33"},"document_id":"E65DA3CA","chunk_id":"c5dsvwdov64h2","chunk_label":"unnamed-chunk-33"},{"row":164,"row_count":1,"visible":true,"expansion_state":0,"options":{"engine":"r","echo":false,"label":"unnamed-chunk-34"},"document_id":"E65DA3CA","chunk_id":"cmq4ljfqapt0h","chunk_label":"unnamed-chunk-34"},{"row":170,"row_count":1,"visible":true,"expansion_state":0,"options":{"engine":"r","include":true,"label":"unnamed-chunk-35"},"document_id":"E65DA3CA","chunk_id":"cn7wvpqq4rov0","chunk_label":"unnamed-chunk-35"},{"row":174,"row_count":1,"visible":true,"expansion_state":0,"options":{"engine":"r","echo":false,"label":"unnamed-chunk-36"},"document_id":"E65DA3CA","chunk_id":"czcnu8bfi53ez","chunk_label":"unnamed-chunk-36"},{"row":179,"row_count":1,"visible":true,"expansion_state":0,"options":{"engine":"r","echo":false,"label":"unnamed-chunk-37"},"document_id":"E65DA3CA","chunk_id":"cc6jy0n4g06do","chunk_label":"unnamed-chunk-37"},{"row":183,"row_count":1,"visible":true,"expansion_state":0,"options":{"engine":"r","echo":false,"label":"unnamed-chunk-38"},"document_id":"E65DA3CA","chunk_id":"cjd031qkuf70r","chunk_label":"unnamed-chunk-38"},{"row":186,"row_count":1,"visible":true,"expansion_state":0,"options":{"engine":"r","echo":false,"label":"unnamed-chunk-39"},"document_id":"E65DA3CA","chunk_id":"citiehg6ww54d","chunk_label":"unnamed-chunk-39"}],"doc_write_time":1621300272}